{
  "HMM": {
    "train_time": 0.19899104999996098,
    "latency": 0.0002420085749989198,
    "accuracy": 1.0
  },
  "CRF": {
    "train_time": 0.0059510080000109156,
    "latency": 1.1433699999940927e-05,
    "accuracy": 1.0
  },
  "LSTM": {
    "train_time": 1.9451669590000051,
    "latency": 0.0063918293750006685,
    "accuracy": 0.775
  },
  "best_model": "CRF"
}