{
  "HMM": {
    "accuracy": 0.18825422365245373,
    "latency": 0.31739052100004983
  },
  "CRF": {
    "accuracy": 0.7811745776347546,
    "latency": 0.006044204000033915
  },
  "LSTM": {
    "accuracy": 0.1423974255832663,
    "latency": 0.06035957500000677
  },
  "best_model": "CRF"
}
